{"description":"should display login page|workspace-project App","passed":true,"pending":false,"sessionId":"e3a075fb4b2a56a8b8bf86475e5d17e1","instanceId":19140,"browser":{"name":"chrome"},"message":"Passed","browserLogs":[{"level":"WARNING","message":"http://qh-internal.indexnine.com/polyfills.js 14088 Synchronous XMLHttpRequest on the main thread is deprecated because of its detrimental effects to the end user's experience. For more help, check https://xhr.spec.whatwg.org/.","timestamp":1593513695876,"type":""},{"level":"SEVERE","message":"http://qh-internal.indexnine.com/polyfills.js 14102 Failed to load resource: the server responded with a status of 404 (Not Found)","timestamp":1593513696185,"type":""},{"level":"SEVERE","message":"http://qh-internal.indexnine.com/polyfills.js 14102 Failed to load resource: the server responded with a status of 404 (Not Found)","timestamp":1593513696410,"type":""},{"level":"SEVERE","message":"http://qh-internal.indexnine.com/assets/mxgraph/css/common.css - Failed to load resource: the server responded with a status of 404 (Not Found)","timestamp":1593513696434,"type":""}],"screenShotFile":"000400d9-008b-00c0-00f0-00bc00d60054.png","timestamp":1593513690176,"duration":25609}
