{"description":"should display login page|workspace-project App","passed":false,"pending":false,"sessionId":"bff8e33b061b55a5dcf85ee79177a1a2","instanceId":9440,"browser":{"name":"chrome"},"message":["Expected 'http://qh-internal.indexnine.com/#/login' to equal 'http://qh-internal.indexnine.com/#/login323'."],"trace":["Error: Failed expectation\n    at D:\\Frevvo_POM\\JSDIRECTORY\\Test\\quickheal.js:55:37\n    at step (D:\\Frevvo_POM\\JSDIRECTORY\\Test\\quickheal.js:33:23)\n    at Object.next (D:\\Frevvo_POM\\JSDIRECTORY\\Test\\quickheal.js:14:53)\n    at fulfilled (D:\\Frevvo_POM\\JSDIRECTORY\\Test\\quickheal.js:5:58)\n    at processTicksAndRejections (internal/process/task_queues.js:93:5)"],"browserLogs":[{"level":"WARNING","message":"http://qh-internal.indexnine.com/polyfills.js 14088 Synchronous XMLHttpRequest on the main thread is deprecated because of its detrimental effects to the end user's experience. For more help, check https://xhr.spec.whatwg.org/.","timestamp":1593590701751,"type":""},{"level":"SEVERE","message":"http://qh-internal.indexnine.com/polyfills.js 14102 Failed to load resource: the server responded with a status of 404 (Not Found)","timestamp":1593590701879,"type":""},{"level":"SEVERE","message":"http://qh-internal.indexnine.com/polyfills.js 14102 Failed to load resource: the server responded with a status of 404 (Not Found)","timestamp":1593590702075,"type":""},{"level":"SEVERE","message":"http://qh-internal.indexnine.com/assets/mxgraph/css/common.css - Failed to load resource: the server responded with a status of 404 (Not Found)","timestamp":1593590702116,"type":""}],"screenShotFile":"0013009a-00ac-00d9-00ff-0008002600f5.png","timestamp":1593590695350,"duration":26288}
