{"description":"should display login page|workspace-project App","passed":false,"pending":false,"sessionId":"8934b9fdefa3445b4af93fb57ce480cc","instanceId":22456,"browser":{"name":"chrome"},"message":["Failed: No element found using locator: By(xpath, //input[@class='form-control ng-pristine ng-invalid ng-touched'])"],"trace":["NoSuchElementError: No element found using locator: By(xpath, //input[@class='form-control ng-pristine ng-invalid ng-touched'])\n    at C:\\Users\\Garima\\AppData\\Roaming\\npm\\node_modules\\protractor\\built\\element.js:814:27\n    at ManagedPromise.invokeCallback_ (C:\\Users\\Garima\\AppData\\Roaming\\npm\\node_modules\\protractor\\node_modules\\selenium-webdriver\\lib\\promise.js:1376:14)\n    at TaskQueue.execute_ (C:\\Users\\Garima\\AppData\\Roaming\\npm\\node_modules\\protractor\\node_modules\\selenium-webdriver\\lib\\promise.js:3084:14)\n    at TaskQueue.executeNext_ (C:\\Users\\Garima\\AppData\\Roaming\\npm\\node_modules\\protractor\\node_modules\\selenium-webdriver\\lib\\promise.js:3067:27)\n    at C:\\Users\\Garima\\AppData\\Roaming\\npm\\node_modules\\protractor\\node_modules\\selenium-webdriver\\lib\\promise.js:2927:27\n    at C:\\Users\\Garima\\AppData\\Roaming\\npm\\node_modules\\protractor\\node_modules\\selenium-webdriver\\lib\\promise.js:668:7\n    at processTicksAndRejections (internal/process/task_queues.js:93:5)Error\n    at ElementArrayFinder.applyAction_ (C:\\Users\\Garima\\AppData\\Roaming\\npm\\node_modules\\protractor\\built\\element.js:459:27)\n    at ElementArrayFinder.<computed> [as sendKeys] (C:\\Users\\Garima\\AppData\\Roaming\\npm\\node_modules\\protractor\\built\\element.js:91:29)\n    at ElementFinder.<computed> [as sendKeys] (C:\\Users\\Garima\\AppData\\Roaming\\npm\\node_modules\\protractor\\built\\element.js:831:22)\n    at D:\\Frevvo_POM\\JSDIRECTORY\\Test\\quickheal.js:13:22\n    at ManagedPromise.invokeCallback_ (C:\\Users\\Garima\\AppData\\Roaming\\npm\\node_modules\\protractor\\node_modules\\selenium-webdriver\\lib\\promise.js:1376:14)\n    at TaskQueue.execute_ (C:\\Users\\Garima\\AppData\\Roaming\\npm\\node_modules\\protractor\\node_modules\\selenium-webdriver\\lib\\promise.js:3084:14)\n    at TaskQueue.executeNext_ (C:\\Users\\Garima\\AppData\\Roaming\\npm\\node_modules\\protractor\\node_modules\\selenium-webdriver\\lib\\promise.js:3067:27)\n    at C:\\Users\\Garima\\AppData\\Roaming\\npm\\node_modules\\protractor\\node_modules\\selenium-webdriver\\lib\\promise.js:2927:27\n    at C:\\Users\\Garima\\AppData\\Roaming\\npm\\node_modules\\protractor\\node_modules\\selenium-webdriver\\lib\\promise.js:668:7\n    at processTicksAndRejections (internal/process/task_queues.js:93:5)\nFrom: Task: Run it(\"should display login page\") in control flow\n    at UserContext.<anonymous> (C:\\Users\\Garima\\AppData\\Roaming\\npm\\node_modules\\protractor\\node_modules\\jasminewd2\\index.js:94:19)\n    at attempt (C:\\Users\\Garima\\AppData\\Roaming\\npm\\node_modules\\protractor\\node_modules\\jasmine-core\\lib\\jasmine-core\\jasmine.js:4297:26)\n    at QueueRunner.run (C:\\Users\\Garima\\AppData\\Roaming\\npm\\node_modules\\protractor\\node_modules\\jasmine-core\\lib\\jasmine-core\\jasmine.js:4217:20)\n    at runNext (C:\\Users\\Garima\\AppData\\Roaming\\npm\\node_modules\\protractor\\node_modules\\jasmine-core\\lib\\jasmine-core\\jasmine.js:4257:20)\n    at C:\\Users\\Garima\\AppData\\Roaming\\npm\\node_modules\\protractor\\node_modules\\jasmine-core\\lib\\jasmine-core\\jasmine.js:4264:13\n    at C:\\Users\\Garima\\AppData\\Roaming\\npm\\node_modules\\protractor\\node_modules\\jasmine-core\\lib\\jasmine-core\\jasmine.js:4172:9\n    at C:\\Users\\Garima\\AppData\\Roaming\\npm\\node_modules\\protractor\\node_modules\\jasminewd2\\index.js:64:48\n    at ControlFlow.emit (C:\\Users\\Garima\\AppData\\Roaming\\npm\\node_modules\\protractor\\node_modules\\selenium-webdriver\\lib\\events.js:62:21)\n    at ControlFlow.shutdown_ (C:\\Users\\Garima\\AppData\\Roaming\\npm\\node_modules\\protractor\\node_modules\\selenium-webdriver\\lib\\promise.js:2674:10)\n    at C:\\Users\\Garima\\AppData\\Roaming\\npm\\node_modules\\protractor\\node_modules\\selenium-webdriver\\lib\\promise.js:2599:53\nFrom asynchronous test: \nError\n    at Suite.<anonymous> (D:\\Frevvo_POM\\JSDIRECTORY\\Test\\quickheal.js:8:5)\n    at addSpecsToSuite (C:\\Users\\Garima\\AppData\\Roaming\\npm\\node_modules\\protractor\\node_modules\\jasmine-core\\lib\\jasmine-core\\jasmine.js:1107:25)\n    at Env.describe (C:\\Users\\Garima\\AppData\\Roaming\\npm\\node_modules\\protractor\\node_modules\\jasmine-core\\lib\\jasmine-core\\jasmine.js:1074:7)\n    at describe (C:\\Users\\Garima\\AppData\\Roaming\\npm\\node_modules\\protractor\\node_modules\\jasmine-core\\lib\\jasmine-core\\jasmine.js:4399:18)\n    at Object.<anonymous> (D:\\Frevvo_POM\\JSDIRECTORY\\Test\\quickheal.js:5:1)\n    at Module._compile (internal/modules/cjs/loader.js:959:30)\n    at Object.Module._extensions..js (internal/modules/cjs/loader.js:995:10)\n    at Module.load (internal/modules/cjs/loader.js:815:32)\n    at Function.Module._load (internal/modules/cjs/loader.js:727:14)"],"browserLogs":[{"level":"WARNING","message":"http://qh-internal.indexnine.com/polyfills.js 14088 Synchronous XMLHttpRequest on the main thread is deprecated because of its detrimental effects to the end user's experience. For more help, check https://xhr.spec.whatwg.org/.","timestamp":1593508228573,"type":""},{"level":"SEVERE","message":"http://qh-internal.indexnine.com/polyfills.js 14102 Failed to load resource: the server responded with a status of 404 (Not Found)","timestamp":1593508228650,"type":""},{"level":"SEVERE","message":"http://qh-internal.indexnine.com/polyfills.js 14102 Failed to load resource: the server responded with a status of 404 (Not Found)","timestamp":1593508228728,"type":""},{"level":"SEVERE","message":"http://qh-internal.indexnine.com/assets/mxgraph/css/common.css - Failed to load resource: the server responded with a status of 404 (Not Found)","timestamp":1593508228797,"type":""}],"screenShotFile":"003b00af-0022-009a-0034-0000003d00b3.png","timestamp":1593508222676,"duration":18940}
