{"description":"should display login page|workspace-project App","passed":true,"pending":false,"sessionId":"1a65dc6cc815d70ac1165fd50008376e","instanceId":6276,"browser":{"name":"chrome"},"message":"Passed.","trace":"","browserLogs":[{"level":"WARNING","message":"http://qh-internal.indexnine.com/polyfills.js 14088 Synchronous XMLHttpRequest on the main thread is deprecated because of its detrimental effects to the end user's experience. For more help, check https://xhr.spec.whatwg.org/.","timestamp":1593682473775,"type":""},{"level":"SEVERE","message":"http://qh-internal.indexnine.com/polyfills.js 14102 Failed to load resource: the server responded with a status of 404 (Not Found)","timestamp":1593682473867,"type":""},{"level":"SEVERE","message":"http://qh-internal.indexnine.com/polyfills.js 14102 Failed to load resource: the server responded with a status of 404 (Not Found)","timestamp":1593682473923,"type":""},{"level":"SEVERE","message":"http://qh-internal.indexnine.com/assets/mxgraph/css/common.css - Failed to load resource: the server responded with a status of 404 (Not Found)","timestamp":1593682473964,"type":""}],"screenShotFile":"0060002b-0056-00d6-00a5-0096005b00d1.png","timestamp":1593682464675,"duration":21080}
