{"description":"should display login page|workspace-project App","passed":false,"pending":false,"sessionId":"5541bd50c15fe22a87393a8bcb9c525f","instanceId":8776,"browser":{"name":"chrome"},"message":["Expected 'http://qh-internal.indexnine.com/#/login' to be 'http://qh-internal.indexnine.com/'."],"trace":["Error: Failed expectation\n    at D:\\Frevvo_POM\\JSDIRECTORY\\Test\\quickheal.js:11:25\n    at ManagedPromise.invokeCallback_ (C:\\Users\\Garima\\AppData\\Roaming\\npm\\node_modules\\protractor\\node_modules\\selenium-webdriver\\lib\\promise.js:1376:14)\n    at TaskQueue.execute_ (C:\\Users\\Garima\\AppData\\Roaming\\npm\\node_modules\\protractor\\node_modules\\selenium-webdriver\\lib\\promise.js:3084:14)\n    at TaskQueue.executeNext_ (C:\\Users\\Garima\\AppData\\Roaming\\npm\\node_modules\\protractor\\node_modules\\selenium-webdriver\\lib\\promise.js:3067:27)\n    at C:\\Users\\Garima\\AppData\\Roaming\\npm\\node_modules\\protractor\\node_modules\\selenium-webdriver\\lib\\promise.js:2927:27\n    at C:\\Users\\Garima\\AppData\\Roaming\\npm\\node_modules\\protractor\\node_modules\\selenium-webdriver\\lib\\promise.js:668:7\n    at processTicksAndRejections (internal/process/task_queues.js:93:5)"],"browserLogs":[],"screenShotFile":"007c006b-00bd-000c-007e-00ca000a003c.png","timestamp":1593504676133,"duration":13604}
