{"description":"Login To Application and Select Client|Open Application","passed":false,"pending":false,"sessionId":"4439e74231e83d2f0379e9b0d13d7cf0","instanceId":7560,"browser":{"name":"chrome"},"message":["Failed: No element found using locator: By(xpath, //input[@id='username'])"],"trace":["NoSuchElementError: No element found using locator: By(xpath, //input[@id='username'])\n    at C:\\Users\\Garima\\AppData\\Roaming\\npm\\node_modules\\protractor\\built\\element.js:814:27\n    at ManagedPromise.invokeCallback_ (C:\\Users\\Garima\\AppData\\Roaming\\npm\\node_modules\\protractor\\node_modules\\selenium-webdriver\\lib\\promise.js:1376:14)\n    at TaskQueue.execute_ (C:\\Users\\Garima\\AppData\\Roaming\\npm\\node_modules\\protractor\\node_modules\\selenium-webdriver\\lib\\promise.js:3084:14)\n    at TaskQueue.executeNext_ (C:\\Users\\Garima\\AppData\\Roaming\\npm\\node_modules\\protractor\\node_modules\\selenium-webdriver\\lib\\promise.js:3067:27)\n    at C:\\Users\\Garima\\AppData\\Roaming\\npm\\node_modules\\protractor\\node_modules\\selenium-webdriver\\lib\\promise.js:2927:27\n    at C:\\Users\\Garima\\AppData\\Roaming\\npm\\node_modules\\protractor\\node_modules\\selenium-webdriver\\lib\\promise.js:668:7\n    at processTicksAndRejections (internal/process/task_queues.js:93:5)Error\n    at ElementArrayFinder.applyAction_ (C:\\Users\\Garima\\AppData\\Roaming\\npm\\node_modules\\protractor\\built\\element.js:459:27)\n    at ElementArrayFinder.<computed> [as sendKeys] (C:\\Users\\Garima\\AppData\\Roaming\\npm\\node_modules\\protractor\\built\\element.js:91:29)\n    at ElementFinder.<computed> [as sendKeys] (C:\\Users\\Garima\\AppData\\Roaming\\npm\\node_modules\\protractor\\built\\element.js:831:22)\n    at LoginPage.<anonymous> (D:\\Frevvo_POM\\JSDIRECTORY\\Pages\\LoginPage.js:126:69)\n    at step (D:\\Frevvo_POM\\JSDIRECTORY\\Pages\\LoginPage.js:46:23)\n    at Object.next (D:\\Frevvo_POM\\JSDIRECTORY\\Pages\\LoginPage.js:27:53)\n    at fulfilled (D:\\Frevvo_POM\\JSDIRECTORY\\Pages\\LoginPage.js:18:58)\nFrom: Task: Run it(\"Login To Application and Select Client\") in control flow\n    at UserContext.<anonymous> (C:\\Users\\Garima\\AppData\\Roaming\\npm\\node_modules\\protractor\\node_modules\\jasminewd2\\index.js:94:19)\n    at attempt (C:\\Users\\Garima\\AppData\\Roaming\\npm\\node_modules\\protractor\\node_modules\\jasmine-core\\lib\\jasmine-core\\jasmine.js:4297:26)\n    at QueueRunner.run (C:\\Users\\Garima\\AppData\\Roaming\\npm\\node_modules\\protractor\\node_modules\\jasmine-core\\lib\\jasmine-core\\jasmine.js:4217:20)\n    at runNext (C:\\Users\\Garima\\AppData\\Roaming\\npm\\node_modules\\protractor\\node_modules\\jasmine-core\\lib\\jasmine-core\\jasmine.js:4257:20)\n    at C:\\Users\\Garima\\AppData\\Roaming\\npm\\node_modules\\protractor\\node_modules\\jasmine-core\\lib\\jasmine-core\\jasmine.js:4264:13\n    at C:\\Users\\Garima\\AppData\\Roaming\\npm\\node_modules\\protractor\\node_modules\\jasmine-core\\lib\\jasmine-core\\jasmine.js:4172:9\n    at C:\\Users\\Garima\\AppData\\Roaming\\npm\\node_modules\\protractor\\node_modules\\jasminewd2\\index.js:64:48\n    at ControlFlow.emit (C:\\Users\\Garima\\AppData\\Roaming\\npm\\node_modules\\protractor\\node_modules\\selenium-webdriver\\lib\\events.js:62:21)\n    at ControlFlow.shutdown_ (C:\\Users\\Garima\\AppData\\Roaming\\npm\\node_modules\\protractor\\node_modules\\selenium-webdriver\\lib\\promise.js:2674:10)\n    at C:\\Users\\Garima\\AppData\\Roaming\\npm\\node_modules\\protractor\\node_modules\\selenium-webdriver\\lib\\promise.js:2599:53\nFrom asynchronous test: \nError\n    at Suite.<anonymous> (D:\\Frevvo_POM\\JSDIRECTORY\\Test\\LoginTest.js:48:5)\n    at addSpecsToSuite (C:\\Users\\Garima\\AppData\\Roaming\\npm\\node_modules\\protractor\\node_modules\\jasmine-core\\lib\\jasmine-core\\jasmine.js:1107:25)\n    at Env.describe (C:\\Users\\Garima\\AppData\\Roaming\\npm\\node_modules\\protractor\\node_modules\\jasmine-core\\lib\\jasmine-core\\jasmine.js:1074:7)\n    at describe (C:\\Users\\Garima\\AppData\\Roaming\\npm\\node_modules\\protractor\\node_modules\\jasmine-core\\lib\\jasmine-core\\jasmine.js:4399:18)\n    at Object.<anonymous> (D:\\Frevvo_POM\\JSDIRECTORY\\Test\\LoginTest.js:43:1)\n    at Module._compile (internal/modules/cjs/loader.js:959:30)\n    at Object.Module._extensions..js (internal/modules/cjs/loader.js:995:10)\n    at Module.load (internal/modules/cjs/loader.js:815:32)\n    at Function.Module._load (internal/modules/cjs/loader.js:727:14)"],"browserLogs":[{"level":"SEVERE","message":"http://www.way2automation.com/assets/js/custom.min.js 24:925 Uncaught TypeError: Cannot read property 'length' of null","timestamp":1590848653601,"type":""}],"screenShotFile":"008e0087-00a5-00a4-0014-000800dc0066.png","timestamp":1590848647837,"duration":16888}
