{"description":"should display login page|workspace-project App","passed":true,"pending":false,"sessionId":"46ef106aeb2845d2b802e7b602b2036f","instanceId":20368,"browser":{"name":"chrome"},"message":"Passed.","trace":"","browserLogs":[{"level":"WARNING","message":"http://qh-internal.indexnine.com/polyfills.js 14088 Synchronous XMLHttpRequest on the main thread is deprecated because of its detrimental effects to the end user's experience. For more help, check https://xhr.spec.whatwg.org/.","timestamp":1593591002321,"type":""},{"level":"SEVERE","message":"http://qh-internal.indexnine.com/polyfills.js 14102 Failed to load resource: the server responded with a status of 404 (Not Found)","timestamp":1593591002413,"type":""},{"level":"SEVERE","message":"http://qh-internal.indexnine.com/polyfills.js 14102 Failed to load resource: the server responded with a status of 404 (Not Found)","timestamp":1593591002519,"type":""},{"level":"SEVERE","message":"http://qh-internal.indexnine.com/assets/mxgraph/css/common.css - Failed to load resource: the server responded with a status of 404 (Not Found)","timestamp":1593591007421,"type":""}],"screenShotFile":"00ae00aa-008c-0057-00d2-003b00a30099.png","timestamp":1593590991425,"duration":26491}
