{"description":"should display login page|workspace-project App","passed":true,"pending":false,"sessionId":"5f6b06eecab3d8bb3e9b65ff424b4c54","instanceId":12832,"browser":{"name":"chrome"},"message":"Passed.","trace":"","browserLogs":[{"level":"WARNING","message":"http://qh-internal.indexnine.com/polyfills.js 14088 Synchronous XMLHttpRequest on the main thread is deprecated because of its detrimental effects to the end user's experience. For more help, check https://xhr.spec.whatwg.org/.","timestamp":1593506016583,"type":""},{"level":"SEVERE","message":"http://qh-internal.indexnine.com/polyfills.js 14102 Failed to load resource: the server responded with a status of 404 (Not Found)","timestamp":1593506016639,"type":""},{"level":"SEVERE","message":"http://qh-internal.indexnine.com/polyfills.js 14102 Failed to load resource: the server responded with a status of 404 (Not Found)","timestamp":1593506016711,"type":""},{"level":"SEVERE","message":"http://qh-internal.indexnine.com/assets/mxgraph/css/common.css - Failed to load resource: the server responded with a status of 404 (Not Found)","timestamp":1593506016737,"type":""}],"screenShotFile":"00d80041-0024-00c7-00c6-00bc008f00e3.png","timestamp":1593506007823,"duration":16905}
