{"description":"should display login page|workspace-project App","passed":true,"pending":false,"sessionId":"7d571c74b5f24909ad09b61723ba7f17","instanceId":14804,"browser":{"name":"chrome"},"message":"Passed.","trace":"","browserLogs":[{"level":"WARNING","message":"http://qh-internal.indexnine.com/polyfills.js 14088 Synchronous XMLHttpRequest on the main thread is deprecated because of its detrimental effects to the end user's experience. For more help, check https://xhr.spec.whatwg.org/.","timestamp":1593679794522,"type":""},{"level":"SEVERE","message":"http://qh-internal.indexnine.com/polyfills.js 14102 Failed to load resource: the server responded with a status of 404 (Not Found)","timestamp":1593679794596,"type":""},{"level":"SEVERE","message":"http://qh-internal.indexnine.com/polyfills.js 14102 Failed to load resource: the server responded with a status of 404 (Not Found)","timestamp":1593679794647,"type":""},{"level":"SEVERE","message":"http://qh-internal.indexnine.com/assets/mxgraph/css/common.css - Failed to load resource: the server responded with a status of 404 (Not Found)","timestamp":1593679794677,"type":""}],"screenShotFile":"00e100bd-0029-009a-00f6-008300d5002a.png","timestamp":1593679789491,"duration":24574}
