{"description":"should display login page|workspace-project App","passed":true,"pending":false,"sessionId":"d6ee10abb2795c102f7ccc671e36fa57","instanceId":10940,"browser":{"name":"chrome"},"message":"Passed.","trace":"","browserLogs":[{"level":"WARNING","message":"http://qh-internal.indexnine.com/polyfills.js 14088 Synchronous XMLHttpRequest on the main thread is deprecated because of its detrimental effects to the end user's experience. For more help, check https://xhr.spec.whatwg.org/.","timestamp":1593590617462,"type":""},{"level":"SEVERE","message":"http://qh-internal.indexnine.com/polyfills.js 14102 Failed to load resource: the server responded with a status of 404 (Not Found)","timestamp":1593590617528,"type":""},{"level":"SEVERE","message":"http://qh-internal.indexnine.com/polyfills.js 14102 Failed to load resource: the server responded with a status of 404 (Not Found)","timestamp":1593590617599,"type":""},{"level":"SEVERE","message":"http://qh-internal.indexnine.com/assets/mxgraph/css/common.css - Failed to load resource: the server responded with a status of 404 (Not Found)","timestamp":1593590617619,"type":""}],"screenShotFile":"00ef007d-008a-0065-005e-00b8006000cf.png","timestamp":1593590610825,"duration":25978}
