{"description":"should display login page|workspace-project App","passed":false,"pending":false,"sessionId":"fab70b89811fbc4dc4318cf2a7bc299d","instanceId":8948,"browser":{"name":"chrome"},"message":["Failed: Cannot read property 'ver' of null"],"trace":["TypeError: Cannot read property 'ver' of null\n    at C:\\Users\\Garima\\AppData\\Roaming\\npm\\node_modules\\protractor\\built\\browser.js:714:56\n    at ManagedPromise.invokeCallback_ (C:\\Users\\Garima\\AppData\\Roaming\\npm\\node_modules\\protractor\\node_modules\\selenium-webdriver\\lib\\promise.js:1376:14)\n    at TaskQueue.execute_ (C:\\Users\\Garima\\AppData\\Roaming\\npm\\node_modules\\protractor\\node_modules\\selenium-webdriver\\lib\\promise.js:3084:14)\n    at TaskQueue.executeNext_ (C:\\Users\\Garima\\AppData\\Roaming\\npm\\node_modules\\protractor\\node_modules\\selenium-webdriver\\lib\\promise.js:3067:27)\n    at C:\\Users\\Garima\\AppData\\Roaming\\npm\\node_modules\\protractor\\node_modules\\selenium-webdriver\\lib\\promise.js:2927:27\n    at C:\\Users\\Garima\\AppData\\Roaming\\npm\\node_modules\\protractor\\node_modules\\selenium-webdriver\\lib\\promise.js:668:7\n    at processTicksAndRejections (internal/process/task_queues.js:93:5)\nFrom: Task: Run it(\"should display login page\") in control flow\n    at UserContext.<anonymous> (C:\\Users\\Garima\\AppData\\Roaming\\npm\\node_modules\\protractor\\node_modules\\jasminewd2\\index.js:94:19)\n    at attempt (C:\\Users\\Garima\\AppData\\Roaming\\npm\\node_modules\\protractor\\node_modules\\jasmine-core\\lib\\jasmine-core\\jasmine.js:4297:26)\n    at QueueRunner.run (C:\\Users\\Garima\\AppData\\Roaming\\npm\\node_modules\\protractor\\node_modules\\jasmine-core\\lib\\jasmine-core\\jasmine.js:4217:20)\n    at runNext (C:\\Users\\Garima\\AppData\\Roaming\\npm\\node_modules\\protractor\\node_modules\\jasmine-core\\lib\\jasmine-core\\jasmine.js:4257:20)\n    at C:\\Users\\Garima\\AppData\\Roaming\\npm\\node_modules\\protractor\\node_modules\\jasmine-core\\lib\\jasmine-core\\jasmine.js:4264:13\n    at C:\\Users\\Garima\\AppData\\Roaming\\npm\\node_modules\\protractor\\node_modules\\jasmine-core\\lib\\jasmine-core\\jasmine.js:4172:9\n    at C:\\Users\\Garima\\AppData\\Roaming\\npm\\node_modules\\protractor\\node_modules\\jasminewd2\\index.js:64:48\n    at ControlFlow.emit (C:\\Users\\Garima\\AppData\\Roaming\\npm\\node_modules\\protractor\\node_modules\\selenium-webdriver\\lib\\events.js:62:21)\n    at ControlFlow.shutdown_ (C:\\Users\\Garima\\AppData\\Roaming\\npm\\node_modules\\protractor\\node_modules\\selenium-webdriver\\lib\\promise.js:2674:10)\n    at C:\\Users\\Garima\\AppData\\Roaming\\npm\\node_modules\\protractor\\node_modules\\selenium-webdriver\\lib\\promise.js:2599:53\nFrom asynchronous test: \nError\n    at Suite.<anonymous> (D:\\Frevvo_POM\\JSDIRECTORY\\Test\\quickheal.js:7:5)\n    at addSpecsToSuite (C:\\Users\\Garima\\AppData\\Roaming\\npm\\node_modules\\protractor\\node_modules\\jasmine-core\\lib\\jasmine-core\\jasmine.js:1107:25)\n    at Env.describe (C:\\Users\\Garima\\AppData\\Roaming\\npm\\node_modules\\protractor\\node_modules\\jasmine-core\\lib\\jasmine-core\\jasmine.js:1074:7)\n    at describe (C:\\Users\\Garima\\AppData\\Roaming\\npm\\node_modules\\protractor\\node_modules\\jasmine-core\\lib\\jasmine-core\\jasmine.js:4399:18)\n    at Object.<anonymous> (D:\\Frevvo_POM\\JSDIRECTORY\\Test\\quickheal.js:5:1)\n    at Module._compile (internal/modules/cjs/loader.js:959:30)\n    at Object.Module._extensions..js (internal/modules/cjs/loader.js:995:10)\n    at Module.load (internal/modules/cjs/loader.js:815:32)\n    at Function.Module._load (internal/modules/cjs/loader.js:727:14)"],"browserLogs":[],"timestamp":1593505730896,"duration":9339}
